Future_Month,Predicted_Expense
Month+1,12300.621212121212
Month+2,12088.075757575758
Month+3,11875.530303030304
